index,conteudo,CLASSIFICAÇÃO
223,vou procur outr banc segund abr cont pj vou cancel meeeeerd talv que nov client,marca
805,rt lib googl pay prfv,marca
832,ola consig pag bolet app vc manutenca la,produto
152,log hoj cancel carta atend,marca
1160,rt faz cobranc indev segund gerent reembols dobr artig  cdc aplic pq contrat pe,produto
411,app pess leit otic le ai vc vai digit err tr ai vc vai refaz app diz exist sessa and trav app infinit superi http t co rwbfwmsny,marca
100,brasil fund poc imag vc quer pass preocupaca futebol eit,marca
1005,recurs googl pay adquir iphon pra pod pag debit carta,marca
539,agor desacredit atend agenc  perd esperanc mund melhor,marca
1223,pra arrum cois err  prim vai ser burr put par ajud,marca
96,fod banc banc empresari pra ser melhor pal poi pod faz lo cresc pi junt poli,marca
612, minut sim garot p atend  pesso caix uniclas fic dificil,marca
590,dev contrat seguranc agress,marca
872,oie tud bem to consegu cadastr appl pay aind ta problem algum carto bande mast,produto
854,fiz financ agenc inform vend veicul detran mult  pont cart   err agenc agor fic,produto
85,rt cad itau respond,marca
816,problem opca receb codig sm numer celul ta err porqu atualiz cadastr,produto
991,agenc goian  var pesso tent entr agenc carta ning pass exist outr agenc mesm quadr func,marca
626,boa tard itau problem mei send resolv fiz pag fatur carta sext ped  dia utel quitaca debit agor esper agradec ajud,produto
1469,descubr hoj q pag agend pro dia  pag avis q problem operac tir fer ach q tud pag val bor la peg mult volt ne,produto
1029,bom sab melhor banc precis ter,marca
400,prepar dar suport applepay tent app centr atrav telefon exib applepay      inform atend anteri nad desist fail,marca
619,consig acess app pesso dificuldad entend precis desenh mand fot bug detalh cas sei pq continu perd temp aqu vc desist obrig temp ind agenc,produto
1200,atend funcionari usou emotion brav pq respond send w aguard respost to abus dess banc pess atend sempr precis http t co npdjqnsq,produto
1016,itau golp,marca
1439,maquin qnd coloc quatr bloque jeit maquin ped seil maquin ped quatr quer list maquin us seil us quatr digit pra sab ond bot,produto
1008,samsung pay bom nad,marca
1377,consig jeit nenhum acess app err desd ont http t co crqonsju,produto
261,man vc fals ta lig esper vc venh falenc tod pesso q conhec q cont itau tao cancel caus diss vc n noca prejuiz q vo pra vc muit luz ai pq aqu vai falt grac vc aguard,marca
575,amo mil lug pra ir fic pres fil banc pq caix qu ler biometr doi ded cadastr der algum tent pra us senh,marca
171,excel banc excel carto app,marca
169,menos lig oferec produt kkk sab exist agor santand brad viv lig oferec cont prim fic dic,marca
1123,ador pod adicion debit,marca
1126,ta quebr pern nov versa app impossi pag qqr bolet,marca
823,falt maquin receb  maquin carta tent uma  funcion,marca
284,quer aqu paraben pess atend desconsideraca client fort abrac,marca
255,abr cont doi dia nit lav itau ta perd  ano,marca
390,comerc lind appl pay carta am,marca
849,fic esper sol entr vez http t co zfjaerx,marca
644,ach q print numer ta sufici p vc pesquis mand cel cpf email serv p aliment cart client dai sim centr vc mand msg oferec serv feliz brad,marca
1258,boa tard duvid estorn compr feit carta debit dev ser imediat fiz compr x loj x compr cancel pag via debit diss devoluca  dia aguard,produto
1206,doming pa falh nov tent exclu inclu carta nov wallet sistem vc func desist,marca
1130,gerent banc demit apo public fot noiv red soc denunc sindicat http t co jpydyuwh via,marca
1434,solicit nov carta cont praz entreg venc inform sab ond par carta envi q itau codig rastrei sugesta itau solic nov carta esper um  dia,produto
529,acredit poss exist banc noca  ano relacion jog dia caus incompetenc,marca
558,pq itau  hor lament vai alter fat consegu pag ter pag jur agor,marca
1315,ach pod ped sistem operac tod comput celul porqu nenhum app func func pra dar raiv,marca
340,agenc cidad abr  cheg la funcionari fal pra corrent atend ,marca
1406,desktop emissa bolet vem oscil bast aparec serv disponi,produto
469,carta  exist eh desconhec send cobr segund parcel http t co iipcexonsv,marca
1633,cois odei ness vid merd guardia,marca
738,olh sinc quer mand vc pra put q par tax abus arrombafoooooll tax fossr tip ahhhhhhh eh pra salv mund blz man daor eh pra encu cy dinheor pob http t co evyzdec,marca
1110,pessoal marketing quer suger fac post sobr alert fraud red soc poi infeliz aind rol ach perfil anunci rod fak ta tent roub pov cert obrig b,marca
1586,carta cont fic dand err leit tod vez,produto
616,turm alg rol app empresar consig faz transf celul mostr favorec fic ped pra repet operaca desd ont,produto
960,obrig internet bank est ar tant pf pj aceit propost portabil,marca
722,melhor comerc music dev that s good,marca
1332,heiaheush par atual app tod hor ta otim guardia  hor cad atualizaca sacrifici val,marca
856,vou perd temp pq vc respond caus nom ser difer cont etc poss diz entr app itau vou aba carto clic appl play selecion carta receb desculp problem,marca
1460,oi pod ajud resolv problem bacan atualiz sistem dad cadastr corret pra pod ped  via carta,produto
909, dia kkkkkk comprov  dia util ai funcionari q banc q ment vc brinc send q propri sit  dia utel max explic,marca
994,bco ladra,marca
313,pq agenc atend respec telefon funcionari publ acas p gost trabalh,marca
1291,comprov rend serv extrat bancari,produto
1004,devolv dinh amo banc,marca
1056,bloque senh carta debit consig faz desbloquei caix eletron ser caix ir caix poss ir outr agenc,produto
555,precis ajud,produto
1366,entr acord bacen bacen diz max hor decorr dia precis cheg acord,produto
499, tent us pay carto  sucess  falh algu ai sab applepay itau,marca
1311,  fic loop etern consig ped simpl carta,produto
151,car faz propagand carac pra sempr agor abr cont lev  minut falt pergunt tip sang pal pra abr cont corr meg estress,marca
1602,to tent peg extrat consolid diz ta disponi,produto
1572,gost explicaca sobr diferenc cambi obrig,produto
788, hor mei esper cair ted tao parab viu,marca
759,obrig exist,marca
258,cert trabalh appl dai exclus  dia atras samsungpay,marca
475,acontec nad naoq uer pag  real tax pra ter cont,marca
11,acus quer dar golp compr post gasolin tremend fur dess marketing sei process post itau ambos solid ta irrit,marca
22,cad samsung pay,marca
550,cancel entreg extrat consolid via correi serv cancel desd fever  receb extrat esquec cancel cobranc serv real  centav,produto
76,elogi pro itau si pra agenc especif tod agenc pass atend satisfaz,marca
65,anunci alg hav ide coment tweet anteri esper demor pra ativ carto appl pay acontec um carto co branded rt http t co wcbakklmg,marca
1276,bom atend itau resolv resolv nad ne mand duzent mens sobr problem agor ning diss proced,produto
1096,ai faz campanh cheg pert ser sp atual app continu us serv banc norm funcion tao sacan ne itauliberaorcamentoefazumappdec http t co jynijfja,marca
1149,rt pq respeit lei temp  segund val part moment client digit opca fal co,marca
1153,rt quer ir agenc vez respeit client,produto
647,ta fic chat am,marca
1111,client itau vi opca pag puls cert poss receb,produto
1272,rt vergonh melhor banc pal hoj serv agoniz vou tir cont,marca
901,sessa encerr falt utilizaca dev acess pod us sit bem bost,marca
47,problem cont aplic cheg preench informaco acess aparec mens op desculp melhor serv tent nov tard,produto
1414,consig desbloqu carta am tent tud ult altern ligaca enrol faz kkkk,produto
505,parab community manag pacienc respond mont recl parec crianc incri sempr bem educ atenci inf cert,marca
1132,via estada gerent gay demit banc apo post vide noiv facebook http t co jbbisjthx,marca
948,quas  real bolet outr vez q ir peg banc lev pra vc pq pod pag debit acontec venc fim seman,marca
109,fiz cont digit hoj carta credit debit cheg olh agenc solic outr teoric tud celul pratic etc sig aguard,produto
175,pass mai vergonh hor pag cont dar autor send dinh cont complic cois,produto
884,eai itau lib samsung pay debit outr app android mesm funca,marca
574,vou cancel tod cont pass pert dess banc,marca
897,parab esquec usuari samsung pay viu dar preferenc appl pay cheg agor esquec cheg prim descas sempr mesm desculp inutil fal test sempr itau ador sacan client,marca
912,quer elogi post relaca agend pagt efetu ult dia  reconhec err assum prejuiz realiz ressarc val mai problem client precis empr assim itau,marca
1467,consig faz app,produto
73,itau ar,marca
535,cobr  real p faz ted doc cont universit horri p qm inv p qlqr pesso simples qu faz transferenc n cobr nad p transferenc nucont agor vou pod invest rox pag,marca
1346,am crist mand mens sobr carta credit cont,marca
648,algu fal pro par mand sm renegoci div send dev nad banc,produto
159,rt hoj venh agradec ajud econom poi ness feri nad melhor fic cas descans,marca
720,caix opca pq carta provisori,produto
620,cobranc sid apo efetu pag bolet ach absurd poi demor  dia devolv val por agor resolv,produto
1197,faz pra dar volt bik,produto
1062,dev ter um  ano vc enrol pra coloc samsung pay ai pra appl cheg exclus abr agor cont banc pra pod utiliz serv samsung,marca
122,mand instal app ter seguranc jog volt tel pag,marca
1344,aloo ta hor faz propagand bik ein bikeitau,marca
1269,rt aloo ta hor faz propagand bik ein bikeitau,marca
613,trabalh vic legal ne contrat,marca
185,music comerc applepay lembr ritm ano ,marca
1453,carta algum ano itaucard tam fidel temp atr tbm hav ped aument limit neg agor aument bem agor ped precis limit mai neg ridicul,marca
681,atenca itau mud,marca
59,bast rar encontr atend tao efici continu assim,marca
387,precis cadastr favorec transfer dinh cont,produto
1418,rt gost entend algum logic banc oferec saqu biometr agenc precis carta,marca
330,propri dia   vc entr contat prim titul cont solicit agor receb carta solicitaca,produto
135,instalaca guardia mac nunc func redond imac macbook instalaca consig acess,marca
674,senh eletron tent liber itoken assim coloc carta term itau fal pra ir pra dentr agenc cadastr biometr,produto
144,consig cadastr carta responsa suport tk,produto
806,client banc int infeliz famil depend itau salari portabil total fud caus dess monopoli ai transf,marca
401,rt dand ingress pra ver guerr infinit itau pow shopping n cit banc venh,marca
260,solicit nov carta algum dia atr engan exat  dia hoj receb precis receb lo entr nov contat prest carta negoci prec anuidad absurdament,produto
195,banc merd pulh vao infern lig bri quadrilh gravat banc mal,marca
292,quer carta diferenci enfrent fil,marca
1015,cad carta ano vem,produto
568,exp questa pessoal exp falh empresar,marca
1217,enta codig exp pud ajud nad,produto
1504,tax cambi complet abus viaj ta dificil demal,marca
480,problem filh opt ingress aca judic contr itau,marca
295,ajud pass carta debit deu ta bloque sald help,produto
658,algu problem pra acess app,produto
553,precis ajud algu tent chat poi corrent aba chat especi funcion,marca
25,rt  music playlist playlist feit pra v c escut rock music ano ,marca
936,pra twitt n respond simpl duvid corrent melhor aprend utiliz red soc benefici pag cont,marca
717,ajud,marca
425,consig cadastr carta,produto
310,fal problem tend banc twitt ach va resolv hsushsushsuah,marca
386,algum notic sobr integraca carto samsung pay android pay,marca
1296,olh car respond tao mto loc,marca
130,capit deu cert pra otari trabalh aument impost combusti plan saud kct  tud outr instituico div pratic perdo pag   div trem perda http t co aetpcoai,marca
526,ter opca carta debit tbm,produto
1052,ach dev pens corrent samsung cri aplic android,marca
765,agor chate aplic pq to consegu acess itoken to consegu pag fatur,produto
1638,vc precis trein pont vend sab oper appl pay,marca
383,crei algu trabalh banc horari parab dev serv exempl coleg bancari,marca
1150,rt assim enquant viv hoj faz xx dia deix ser client banc respeit client pag,marca
1356,duvid vai exist algum cobranc part appl transaca,produto
596,fac pra mud,marca
1117,pra ter inov niss faz temp vai faz mes agor nad diz trabalh niss ach ia ser prim ser nubank engan,marca
211,men qual proced abr cont poupanc itau,produto
1322,debit cont val hav pag fatur pag  vez mand dm pra hor simples respond,produto
478,fic impression sistem vc pag fatur ant praz lig dia venc pergunt vc vai pag inacredita parab,marca
369,quant temp dem pra cheg carta,produto
1304,pod ajud irrit pq faz ultim,marca
853,am deu itau ajud cham dm,marca
1166,security offic dat privacy offic pens sobr ped cpf numer carta red soc,marca
1122,caix eletron,produto
265,acab fd,marca
329,cont itau suport gamb fdp futur pens propagand tod parcel menos favorec economic populaca,marca
1588,pod dar opca us digit vez senh eletron smartphon,marca
341,to tent desbloqu carta faz  mes tod vez lig atend fal efetu desbloquei ve continu mesm nhac lix banc lix,produto
705,gost termin pag div itau pag dobr pag emprest,marca
1486,motiv par us cont querid \ digit ter faz tud agenc,produto
1424,n gost dess pov red soc mto simpa pass raiv kkkkk obg pessoal acontec nov vou film possi q cmg,marca
476,obrig entr contat gerent vou amanh agenc resolv,marca
256,deix man consegu resolv obrig,marca
200,la tranquil faz pag ant  hor repent app inform precis cadastr itoken send us agor bel hein,produto
520,ola transfer cont agenc por esquec pass numer cont nov deposit agor deposit cont antig deposit transfer cont atual,produto
843,vc bloque carta pra compr onlin precis desbloqu,produto
625,sac vou sair banc and faz raiv,marca
346,lig dess numer   diz ser itau ligaca cai vc precis fal tant comig,marca
1527,boa tard envi dm dificuldad cont,produto
611,pq porr possi sempr perc um  minut fil dess caix porqu sei us eletron pra faz cois boc caix,marca
1388,tent cadastr carta credit itau black utiliz applepay consig,produto
8,fac desbloqu carta internet bank,produto
869,ta tud resolv vlw itau,marca
803,rt bor agiliz liberaca carto samsung pay googl pay,marca
1314,vem ca  ano pec carta nov poi quebr func dand sempr algum desculp pra troc cont,produto
979,quer entend permit gerent insist quer corrent fac emprest  mil pra aplic poupanc alem outr serv insist comparec agenc divers ligaco log apo recus c,marca
324,crlh banc lix,marca
331,porqu ta dand err hor adicion carta appl pay http t co gdbpz,produto
665,algu boa vontad resolv problem numer disponi dm,marca
934,problem cont pj receb orientaco confirm desd dia  fic lig nad acontec,marca
1383,pox vid quer pod us googl pay carto itau ajud ai nunc ped nad liberagooglepay,marca
541,bast lug tod hor aind deix rec,marca
700,acess tod sit aparec googl http t co fndvtixhdr sim fiz nad facil ir agenc pq aplic dig nad,marca
1236,ta dand sort mud cc poupanc consig faz nad ridicul,produto
77,elogi form geral pra tod agenc itau qual pass tod atend banh concorrenc quis agenc cont pra depos algum pass kkkkkk brinc part parab vez,marca
985,vem ser nu gent clint ser client itau pi dor barrig,marca
584,hoj receb pess trat ag av naz fiq trav port temp pq fivel metal mim seguranc guarded plac caiu velh trick deix fre entr bols cint crucifix etc,marca
657,pagin respost bem entr sit quer consig coloc senh quer ver fatur,produto
922,aguard,marca
182,googl map avis q prox onibu sai h obrig opca fic nega financi pra cas,marca
569,exat motiv convenc app cad vez melhor costum us frequenc parab desenvolv envolv,marca
282,mand vir receb ord pag analis ident fail atendimentohorror,marca
605,fiz ger carta virtual por fisic cheg  mes,produto
1449,lembr aqu desgrac bloqu nov senh carta err senh cad maquin carta dess lix banc ped senh difer sab carta bb dez ano c mesm senh itau to sext senh,produto
56,solicit adiant deposit jog cobranc ali fal seri,marca
1557,ola chip carta cont funcion err mal inser maquin poss ped nov qlq agenc obrig,produto
760,ach lug aceit appl pay loj grand test nad,marca
1255,car tod banc igual estrateg mesm automaca reduca funcionari tent banc gratuit total digit menos custara menos ab srn,marca
38,quer agradec atend prest poi bloquei cont solicit atend red soc der tod suport precis crit post sim elogi obrig,marca
556,respond dm aguard muit pacienc retorn boa soluca,marca
1535,bom appl pay func appl stor tb desist,produto
1367,ag  seman problem realiz deposit hor sistem troc outr impres ag  caix faz deposit,produto
126,pod presente client brind cop,marca
9,ruim car desbloqu carta cheg caix eletron permit mand ir nov coloc biometr aff trabalh temp ir banc tod hor itau banc descompl vid,produto
711,verdad quer carta cheg seman fornec codig rastrei,produto
304,pen q ler histor me troc mens respond abobr,marca
601,gerent cont ta put banc porqu conseg resolv imagin,marca
1009,boa noit equip funca debit vao liber ant acab exclus banc itau,marca
956,bom dia gent h manh funcionari lig oferec chequ espec diss quer ped explicaca fal pq quer deslig car ai banc ne,marca
1048,dev ter opca validaca via web desktop app desktop faz sent ter faz caix eletron,marca
800,tant  quant  problem,marca
1417,tant odi fal telefon  me enrol lig resolv algum problem,produto
1001,previsa liber o titul carta appl pay,marca
1245,itacard app fal eh aind credit carta vou us pass,produto
1371,bom dia abr cont app itauabrecont quant temp dem pra receb carta debit,produto
645,esper segund via carta  dia ning conseg emit nov atend pess,produto
370,agenc tod inclu caix eletron fic lad port girat const apen plac escrit canet agenc sistem,marca
771,admir banc http t co svfgzqlwy,marca
1079,caraa nov biciclet lind,marca
4,fim cont parec seg filosof seguranc burr sistem segur usuari conseg faz nad,marca
875,pq disponibiliz saqu biometr bancoh,marca
964,carta credit lig ont atend resolv,marca
1352,ent por ont resolv dia menos problem ter sid resolv enfim aguard,marca
1374,pouc cois irrit exteri precis us app banc ajud pacienc ta curt hoj,produto
252,bloque carta,produto
121,dia dand desculp noca cobr anuidad tant opco cobr anuidad merc,marca
1325,menos atend bem,marca
563,itau respond diss vao ajud hmmm,marca
634,sempr ar sistem consegu resolv problem agenc,marca
487,problem itau caix faz transferenc kkkkk agor deu,marca
703,vc n n sempr comig gerent n respond tent n peg bod mal serv prec abus http t co cpddlnju,marca
1511,enta just porqu faz tod proced pod resolv problem resolv via banc brasil outr vao permanec apen banc backup,marca
871,ajud amor,marca
791,norm quer atual dad mal entr report msg diz q ating temp acess tud cert agor,produto
1515,faz palhac deix ter acess dinh vc dev espelh set cobranc pq nunc falh porc atend,marca
140,consig abr sinistr pq centr segur func feri,marca
1011,boa noit equip itau opca adicion debit appl pay vai liber ant termin exclus,marca
600,vergonh,marca
30,consegu acess cont internet surg avis acess indisponi cont cas duvid lig so internet,produto
551,envi dm,marca
565,receb email diz poss troc cont personalit vc mand email golp,produto
676,pra comec bem dia drog sit,marca
241,feliz aind h esper pra ouv pod resolv problem burrocrac feitopravc,marca
18,obrig agenc aqu peruib nad fiz contrari destrat pi situaca pass dentr banc fal gerent celul amig,marca
1215,sab iam ajud entend porqu deix reclam paz,marca
434,gost itau card par enx sac lig celul quer vend plan absurd,marca
1541,enta consig us leit tod bolet menos emit banc orig usa papel recicl ver ai,marca
696,bot itau vai ajud nd,marca
70,merd tit vc perd panel,marca
571,poss troc senh eletron qualqu agenc,produto
1089,boa noit enta vou agenc itau deposit algum val cont boc caix val cai cont hor,produto
1228,jur esper respost fic feliz interaca sei pod ajud poss cont acontec,marca
62,vai ter android,marca
978,carta bloque prim tent err senh nenhum outr motiv complet absurd situaca agenc  gerent moniqu,marca
739,appl pay func utiliz credit pass debit tent us dia loj nik pass vergonh poi funcion peg carta http t co apkhtsmxa,produto
192,prefir,marca
125,apo  ano client atenca receb notificaca agenc ira mud quilometr distanc cas trabalh atenca banc particul fic dic perd client bancodobrasilninguemmerec,marca
71,qualqu man obrig rap retorn,marca
1639,func carta black,produto
97,gent nov bik quer and,marca
5,tod vez uso acab desist us pra pag bolet aplic limit sufici sit mand instal aplic desktop mand instal itoken celul mand confirm atm eit burocrac digit,produto
183,transaca aparec wallet merc acus hav confirm pag enta pag carta debit esp h confirm debit carta credit aparent cobr transaca continu,produto
1328,sim coloc senh clic ver sald cont aparec msg sempr us ult versa atual,produto
172,tent contat gerent cont mail seman consig fal fac sei fer precis resolv problem,marca
344,nunc quil tant lig consig obt informaco quer lug nenhum,marca
896,am deu ajud aceit carto junt samsung pay tecnolog  ano brasil agor nad cans esper descas,marca
216,jur tent acredit cois difer atend preocupaca acim tud respeit cois banc precis aprend sim car fal pra nu,marca
608,dinh ta cont ai banc inat deich sac transfer cham roub,produto
1448,merm larg banc feit tant raiv carta cois fuler enfrent fil pra desbloqu carta refaz senh,produto
1375,inclusiv acab reinstal tent us outr red internet g nad http t co bzwesizmqp,produto
1555,fac autor debit automa program,produto
638,cheg samsung pay,marca
517,oi itau adiant faz promoca milh tudoazul transferenc milh pra la impossi dev sistem est indisponi dur dia promoca algu vai resolv ai amanh,marca
848,fiq hor telefon atend ning consegu resolv problem,marca
866,porqu nunc dedic dedic empr recent sab outr cheg prim pal der min pen empr nunc admit fazeroqu,marca
362,carf livr banc pag  bi bilho impost aposent q vao quebr pal,marca
641,ta fal q precis itoken precis ir la agenc pra cri cadastr,produto
72,boa noit agor faz necessari algu disponibiliz mail client faz contat respost min client esper deix rol,marca
961,oi ajud tent faz compr indev nom us carta hipercard carta pod verific exist carta nom uso indev,produto
1133,sindicat acus itau demit funcionari ser gay http t co bfhxbenu via,marca
430,quer sab vai volt sistem agenc parqu shopping bel  dia centen usuari pod sac faz nenhum serv,marca
1198,aprend http t co vwrwlevq,marca
277,esper q td vc morr q td vidrac estour tod caix eletron explod q filh lempr,marca
1306,tud nov ident cpf comprov residenc comprov rend auton por pai mae irm tod cont itau inclusiv pai desembarg tribun jus,produto
1100,bik hin pod acab,marca
1235,quer diz melhor vc abrac banc ruim,marca
404,sab ferr arrepend mat mort,marca
133,empreg,marca
170,bom dia desd ont tent pag doc  dand err consegu fal centr hoj feri enfim esper venh cobr jur mult,produto
366,vam ter pag gp aind precis us pra banc conveni http t co blkprwgsd,marca
839,resolv senh q agor ped pra mud cont pra outr agenc precis sab quant temp dem pra mand numer nov cont tbm salari pod cheg cont antig,produto
41,enta precis sab revert pont resgat program surpreend pq emit carta credit alug carr pontuaca pq carta precis est nom  dia us vouch,marca
618,nunc vincul carto deix pass raiv  credit outr debit citesuareclamaca,produto
1148,rt dar adeu cont banc respeit orientaca sex pq ter client http t,marca
13,apo  ano corrent receb comunic cont transfer agenc quilometr cas trabalh fic dic outr banc particul perd client bancodobrasilninguemmerec http t co qtuupm,marca
581,ai diss vigil dev ser par poi trein aprend escut dev reclam gerent fiz ach entend stres perig expost agenc,marca
163,cont corr receb mail sobr migraca nov dad mud residenc pouc temp gost sab consig alter end telefon resolv propri cit,produto
222,sort pq aqu lig oferec produt,marca
1097,deu,marca
1365,pi cois fiz abr cont,marca
1553, dia praz norm pag bolet qualqu consegu  ano atr dar baix hor pag caix eletron melhor banc pal aind long ser bom conseg,produto
1478,incri vc trabalh empr corret vem banc gost cham atenca atrapalh vend exempl atitud muit outr fech cont torn client,marca
744,conexa internet send to conect sim sit fal possi acess sit,marca
221,hey comerc nov bikeitau fic mto bom esquec fal serv deix ser atra inclus nov prec parab estrag tud issomudaomund,marca
728,carta debit credit poss cancel soment opca credit,produto
392,comec chat vi,marca
40,vao liber samsung pay,marca
1031,caramb uso mesm senh ano nad vc bloque cont senh err app cert q err,produto
316,entend dai receb carta dev ir agenc,produto
799,sint itau faz client utiliz caix long pi atend bancari menos cidad cad vez precis ir itau desesper desan entr la pq perd temp esp,marca
1018,carta cont conjunt pod ser renov presenc autorizaca titul,produto
293,tao bost transferenc padra caix eletron doc ted pqp hein  gent fic quas  dia esper transferenc mai alegr dess vid cancel cont itau,marca
1412,cancel feliz,marca
958,banc abr  funcionari sup util abr horari,marca
525,abr cont doi banc agor duvid terri permanec,marca
1387,app abr cont ta funcion,produto
904,chequ espec nunc solicit fic la disponi pass acid n chequ espec n iri pass notific cobr pass dia tarif r   independ,produto
628,ta demal fal tranquil,marca
1303,melhor banc obrig rs,marca
75,atend citiphon excel pass pra fic merd to pra ver,marca
809,obrig rapid respost,marca
137,goolg pay aceit carto itau,marca
1105,sobr atend banc dev ach client bipol amo odei temp pod,marca
382,fiz paz deix ir dorm aflit lig resolv problem obrig,marca
1040,boa tard tent cadastr carta debit poupanc appl pay por aceit faz agor,produto
1155,rt ganh meg descont decisa stj conden pag r  milho real aca civil publ po,marca
407,quer negoci mai esper bom acord,marca
398,particul gost tecn seleca fic faz propagand apes confi tit tud ach bacan ness epoc cop foc sei funca patrocin t,marca
893,resolv obrig,marca
1319,esper carta faz ano quas agenc cidad vi notific nad lig pra ver consig algum atend sequ atend ligaca termin ant diss bait cont,produto
1290,nov laranj itau protagon campanh banc http t co uniasih http t co zbttgsqcv,marca
1362,ach precis ted fiz outr banc pra cont referenci aind entr cont dev algum problem cont destin,produto
1157,rt lig faz cobranc indev escut merec deslig car parab ein,produto
254,obrig caus informaco verac pass transtorn desnecessari,marca
112,trist itau  ano nunc nad bom repens estrateg fideliz client agenc pedr alde ineficaz,marca
1229,infeliz titul div vou ped titul entr contat obv vc vao fal leng leng agenc enfim gent conhec direit vam exerc lo form possi,produto
1297,consig acess cont app desd ont algum instabil,produto
693,carta credit send provisori consig desbloqu app,produto
365,rt mulh sequestr estupr obrig sac dinh banc q cont ped ress,marca
1118,pag fatur me marc dua vez fac reav,produto
1393,vou fech cont itau banc patrocin seleca cbf merec ter cont personalit,marca
736,ola digit senh pag bolet carta ok err vez fiz operaca nov cliq continu are ond coloc senh aplic diret senh err ter digit repet el,produto
587,acab ser atend agenc obrigadooo,marca
317,cois obrig client deix bols armari hoj funcion pra sac dinh absurd falt respeit temp client abr port caix dur dia explicaca,marca
1,vou avis tal explic pro client menos formaca entend financ produt descont cont disponh particip don itau banc feit pesso,produto
1050,bco fdp ladra,marca
1577,liberara carto adic uso appl pay,marca
27,entr banc madrug pra sac dinh porr comec toc siren parec tav assalt banc,marca
1581,a via carta n cheg to mt ansi,produto
215,vam melhor serv agenc cas show nenhum caix eletron funcion sort outr agenc prox,marca
283,quer sab cois pq banc sempr torment sempr lot,marca
504,atend consegu resolv situaca obrig prest atend aqu sempr melhor,marca
933,faz h to tent pag cont via app sai tel senh carta,produto
598,quer informaca simpl impossi fal total desrespeit client,marca
95,cert vez receb ligaca ai gerent pass mail lembr questa mand mail quas ano to esper respost obrig gerent agenc ,marca
643,to tent pag bolet,produto
1159,rt itau fez cobranc indev cont empr deposit salari agenc trat mal pel,produto
193,insatisfeit vou encerr cont pj bb quer abr cont itau favor indic agenc asa nort brasil segund vou procur agenc abr cont empr,marca
267,outubr pass avis q    pro est disponi pra tod carto pq algum funcion agor embromation society http t co pvpjfnamz,marca
33,precis produz comerc bik to cans ver comerc fod carr cheg vez magrel http t co wvgadnkm,marca
1174,mort respond kkkkkk,marca
694,gent amo pqp vener banc,marca
989,ei compr carta fiz tent bloqu carta app consegu,produto
1251,obrig ped pra entreg cas taref dificil banc ano conseg,marca
1033,vergonh ter sair cas ir banc pra valid porc itoken dess,marca
1508,absurd anuidad quer cobr x    fic maluc send assim pag cont part carta sicoob bande vis tbm,marca
57,rt cad absurd membr grup report bom invest divulgaca inf,marca
521,car dar ris banc cancel cont poru diz ouv movimentaca movimentaca dia cancel odi,marca
186, mens respond nenhum apresent soluca real problem hoj complet  dia pod realiz transaco us guardia h ubuntu  ,marca
1610,quer faz invest rend simpl ped pra atual patrimoni fac,produto
580,dev registr boletim ocorrenc discriminaca banc gerent agenc ach padra norm exist algum padra vest pass fer brasil habit fre faz confia algum motiv,marca
1305,parec caix,marca
752,ach cumul precis celul pra faz transaca internet,marca
1450,esper est faz tweet ced demal rs obrig ser unic abr cont pj form rap cust atend bom evit car dur acontec cert banc,marca
879,rt banc lind facil rap propagand abr cont hoj vi pra decepca,marca
1368,milho bilho propagand ter nenhum caix fac deposit parab,marca
531,rt cheg samsung pay,marca
589,consig troc aqu pra cont universit,produto
237,quer tit itau seleca brasil tom cu,marca
1489,to surt pq car fez transferenc sab agor caiu cont explic,produto
442,olh sit iphon   vist   praz corrent  descont vai mesm pra compr calcul val   dar descont kkkk pra entend ta dificil,marca
1259,ok agenc poi extint,produto
153,alo itau ag adamantin caix ar agor temp retorn aqu pag desloc,marca
120,adiant nad instal app diz instal app faz transaca,produto
789,quer pag fatur carta credit mand mim bolet,marca
886,val ressalt pi atend regia ning ajud nad mud banc agu,marca
141,lix deu,marca
1600,assim coloc extrat mens consolid dem pra carreg carreg diz ta disponi pra tent nov um minut faz temp to tent peg,produto
1520,acredit personnalit deix resgat gran feri bancari dur seman fail,produto
1172,to livreee ult mens apo cancel carta sensaca maravilh,marca
327,fiz doc ont   caix eletron agor caiu cont,produto
1112,msg app celul notebook aparec bota pra conclu pag,produto
683,tom cha cade telefon agor vou tom outr internet,marca
355,bom dia sei diz impact propost lembr ter sid aprov,marca
567,rapaz tud vc bot mao fic complic desd vc assum cit pag fatur contat fic pess nad pessoal gent gost assim obrig import lt ,marca
268,atend pess,marca
692,bel atend der atrav atend hein problem carta viag internac atend qu fiqu brav deslig car pra pag tax alt,marca
1348,tav dand err tod hor consegu pag fatur dav err fech app  tent,produto
639,respond dm esper resolv situaca,marca
234,agenc rebouc curitib quer sab onqu nunc vi fil caix demor tant assim,marca
1302,ex client precis declaraca ir fac,produto
659,adiant deposit terc vez autoriz debit nenhum,produto
1289,fac pra sab assinat banc pra faz igual chequ,produto
812,faz portabil vai arrepend,marca
396,quart tent ferr tent atend  canal funcion desist,marca
474,ajud negoci descont cont entend doq trat,produto
439,grand dev fic put pens tarif tud http t co xlrcepop,marca
1006,adorei comerc music that s good dev sai danc,marca
655,rt itau vai tom http t co jogmvj,marca
1574,ador inici envi carta braill unic part ruim falt seman viaj nom err pox vai dar temp,marca
107,quas  ano q receb salari ai banc hoj vc perceb q tod o dia util me debit vc pag automatic kkkk ai tod vez gast papel mand cart toa,marca
224,decepcion surpres,marca
1066,adiant ter dinh guard vc porc agenc abr dev d,marca
451,consig lid indisponibil frequ serv onlin seri aplic celul aplic comput sit tod dia algum funca ta ar,marca
1518,client sai decepcionadiss hoj to doid quer sair obrig ir agenc pra encerr cont pra faz basic qualqu cois banc tud onlin,marca
134,nunc aceit compr internet ingress debit mand instal app vc comput assim adiant sempr deix mao santand mae nunc problem,marca
927,pesso sab faz aplicaca r    plan x pod ter fund previdenc acumul r     ano sab vou ter pert  ano qdo acontec melhor analis dad vc ficaad,marca
418,compr mal atend comec sab tent resolv mod agrada problem a atend resolv coloc anotaca prontuari outr  receb ligaca deslig car,marca
968,agor carta cheg cas faz quas me,produto
1175,boa noit respost padra vi samsung pay suport ai ano fic ness migr log algum serv dao suport googl pay,marca
337,fod seleca banc coloc jog seleca princip vid foraimpun futebolcorrupca,marca
740,consig faz nad app itau empr chei err http t co mzuvdoj,marca
1354,possi tent melhor app tod dia tod dia continu mesm cois af http t co bclkjjub,marca
1038,ola pod tir duvid via dm,marca
755,ta fal ta conect outr itoken q taa,produto
855,fac pra peg inform rend cont encerr jan,produto
1125,exist bota conclu transaca app notebook consig pag cont onlin app celul h itau  hor vez perd descont bols,produto
1355,real    ano nunc problem  ano dificuldad banc,marca
1284,quis abr ag   proced,produto
1205,lig  deix registr descontent cent inform nenhum problem carta sistem ped ver appl problem iphon x enfim val pen com,marca
1044,estud ader samsung pay,marca
259,vish li cois informaca dev est prior,marca
1000,itau vai lanc appl pay ant samsung pay vou ter troc banc modern,marca
449,app itau eh merd,marca
146,tao ruim q reclamaca tom nenhum providenc quer sab banc vai pag jur cont q precis pag ont a vou abr cont pj cancel meeeeerd cont,marca
127,n sair pq fez gentil bloqu carta consent,produto
209,encerr cont motiv http t co tuqfnbnyt,marca
578,quer sab agenc  gerent,produto
359,odei vc tud q vc represent tir mao band favorit crapul desgrac morr vc tod famil acion,marca
242,amo qdo gerent banc lig pra pergunt tud bem pod ajud algum cois precis ajud nad ahahahahah elogi ai,marca
1171,par gast dinh propagand nov bik linh azul vermelh nenhum estaca vc pass estaco dess linh,marca
1299,merd gent pag fatur banc lib nad pag temp,produto
586,nenhum doi prest itau aind menos pi,marca
1422,oi faz doi dia utel fiz deposit cont aind desbloqu fac,produto
1495,realiz pag app sext agor const,produto
716,pra precis carta cheg rap favor sedex  ai,produto
385,ta faz muit propagand perd foc,marca
1452,desd seman pass tent outr conexo agor pag cont celul conexa funca funcion app notebook quebr precis faz transferenc,produto
664,dia ta vend mand elogi ai app volt funcion decent,produto
367,fal cert melhor dia motiv gent ter ganh ingress am,marca
858,vou confer condico espec renegociaca simpl fat cont itau dev nad receb  mens http t co xgzgeomf,marca
862,vai continu patrocin entidad corrupt rgt,marca
142,par pra pens q band trilh son comerc cham dev bom fd,marca
1208,precis sab gerent cont pj fac ir agenc,produto
305,agenc duqu cax  to tent lig pra la desd ced ning atend,marca
168,am deu consert log bik estaco prai vermelh ufrj,marca
123,dia algu diss atend tud pec pesso pra va cert vai mud ide bj,marca
1554,gost pesso obrig ganh tant elogi tchau,marca
1195,opca us doi ded cadastr  poleg doi indic pq poss us indic recadastr nov biometr sac client banc brasil reconhec biometr la melh,produto
1516,cadastr carta consegu cadastr esp acontec,produto
180,faz saqu biometr carta banc entr local caix eletron precis est carta credit abr port cad logic,marca
357,merec pass vergonh dand carta inval,marca
953,excel ide junt appl,marca
919,gent otim atend telemarketing utel socorr parab aument pra evelyn otim,marca
1152,rt falt educaca client agenc fic av casp liber  paul sp h precis,marca
63,cert dai agenc  hor coloc frent mesm dia dess tav rua tard noit precis dinh pra volt pra cas agenc  hor fech ridicul pra car vc  hr eh  hr n,marca
1214,tod vez q vc mand lig pra algum lug vontad bat pesso q fez comerc diz q itau banc digit kkkkkkkkkkkk,marca
1196,sim quer mud condico cont pj,produto
264,resolv centr  indignaca propr centr itau est desatu pont fornec telefon exist,marca
322,oq send debit dinh cont permissa mex dinh fic put,produto
939,carta mastercard func algum maquin carta recus sequ possi digit senh,produto
530,rt bom dia itau vc vao oferec produt via samsung pay maior pesso us celul samsung,marca
1426,client itau mim safad revel rein futebol patrocini jog dinh agreg pra mant client,marca
949,fatur cheg fac pra pod pag cont poi banc moc diss pux val,produto
730,dand mig pod negoci zer anuidad motiv esdruxul banc lucr absurd mei cris vem patif anuidad zer zer carta,marca
523,qdo tent agend pag faz verificaca ok ant confirm fat diz encontr alg insegur impossi pq antiviru atualizadiss uso tb ant malw bem calc problem viru,marca
1098,to ilud to compr camis hex hahahah,marca
838,itau problem resolv nerv dem atend obg atenca,marca
92,hoj  ano  mes cancel carta credit ridicul banc cobr tant tax serv carta dar min temp client nubank ciel outr financ entr ultrapass cobr cobr,produto
1145,la grup var pesso mesm situaca carto co branded enta ped aprov esper credicard zer cheg apost vai ativ zer ant atend itau,marca
1624,ow aument limit carto favor limit ta dand cont precis compr roup seri,marca
229,oi adequir carta credit,produto
251,oi mig cobranc financ carta credit send atend dit dia  far pag,produto
1447,n poss pq banc ond receb obrig salari q to qrend faz portabil p receb la cair log outr banc aind n consegu pq desativ outr cont ant sab lix q b,marca
1104,muit burocrac princip cancel contrat outr,marca
925,apen  ano quatr ano tent receb carta cont poupanc consig,marca
1094,kkkkk vou aind fic mont temp assim  bilho incomod banc floux resolv nad ond client  ano fiq desempreg ped pra esper prox me pag,marca
1278,dic incomum hoj fac transaco internac cheg ped us  r  cotaca banc centr pra receb sai la r  porqu oper cambi difer aind cobr tax r  pra debit,marca
731,mae gost pass informaco send twitt ofic itau vai ir agenc desbloqu deix inform sobr bug aplic acontec pag fatur refer carta itau obrig,produto
1248,assim esper porqu sempr mesm cois,marca
1407,abr cont deposit dinh carta cheg,produto
325,oi ach sim cc aprov consegu acess app ped senh carta aind receb carta acess ant receb,produto
928,qd chequ compens cont send feit sext feir acim  real papel const  dia util ai const cont sald liber,produto
1277,diz cois vc banc digitau pq nfc pro carta credit ades credit aind pod usufru tecnolog,marca
318,terc vez pec segund via carta credit ta esp nunc cheg residenc sempr dao pra  dia utel nunc cheg,produto
55,refir assim aument limit fic anuidad altiss,marca
381,demal ped reduz jur carta credit zoe bom tramp ai car,marca
931,consig faz rez brab err explic ta err,marca
867,ador respond email gerent diz serv concorr atend inter ofert parec jog vir,marca
2,vc aind disponibiliz deposit chequ app,produto
1061,fal negoci promoca ganh   pont sempr pres prim uso appl pay aind val obrig,produto
959,bolet pra pag banc q venc ont poss pag hj carta debit obrig pag dinh,produto
543,desd dia  tent pag fatur sit app  lib expliq tud dm retorn,produto
572,pq deix acess app pc atrav vm ajud po favor,produto
247,porqu tao dificil faz design carto bonit eleg,marca
1373,consegu baix guardia pc acab instal nov itoken pq esquec precis ir caix eletron q fac agor,produto
220,enquant faz beste carta salv,marca
296,possu codig agenc dentr west shopping camp grand saqu menin inform pass reform,produto
603,recurs faturadigit app cheg pra deix bom aind melhor,marca
419,dand ingress pra ver guerr infinit itau pow shopping n cit banc venh jur burocrac pro twitt,marca
1256,declar am faz ign lamenta oi sum,marca
583,adoroo comerc music dev,marca
615,facil vc envi comunic geral inform client app continu problem inv faz idiot consig pass app precis avis ruim vam la tent nov,marca
654,cad respost,marca
1562,banc diz tod digit faz propri atend fal operaco feit app rar funcion diz ai,marca
726,ped mand pass pass pod imprim fatur carta bloque moc fic mand mail pass pass agor cheg,produto
1275,transfer dinh cont corr cont poupanc pag tax tbi,produto
1114,ei porqu chat app permit comec convers caus carta ser corrent http t co wiaqrzs,produto
49,sonh lev pra are vip rock in rio nov dess vez pod lev amig mir zair,marca
633,propagand anim itau dav dancarin http t co aomtkqqafd,marca
785,rt quer pag fatur carta credit mand mim bolet,marca
630,cont salari banc itau desd  ness ano resolv mud pra cont corr cont falt acess aplic limitaco onlin cont salari agenc pratic coag abr cont tax exorbit,produto
653,tent coloc senh acontec err inesper http t co igjmvsipr,produto
253,seri vc fic cinc ano escrev aqu apag muit cois,marca
1163,rt cois odei ness vid merd guardia,marca
1300,gerent fal ia resolv problem cont ont agor nad,produto
20,previsa encaminh pra ter banc samsung pay,marca
943,pq aprov credit crediari lib credit carta credit dificil hein pag crediari consig,produto
319,pessoal fiz deposit hoj manh dinh hor cai,produto
591,to problem sobr biometr agenc nad resolv perd uma  tard diz vai resolv nad outr to necessit emergenc consig,produto
826,desbloqu carta caix eletron prim vez deu senh incorret ok cancel tud coloq carta nov aparec tel diz bloque dev ir agenc,produto
156,consegu acess fon facil msg ag cc incorret help,marca
408,boa noit consig entend porqu tod dia caix eletron ct funda dinh trav dem horr pra faz saqu,marca
1386,boa madrug ocorr algum atualizaca app celul funcion,produto
1204,precis ajud consig inform rend pai falec fever cont fech,produto
582,prim  hor irrit,marca
129,banc ladra,marca
1327,alo precis aprov solicitaca carta appl pay favor,produto
795,ped convers dm aqu nad escond,marca
206,extrat cont celul venc hoj lembr pag agor esquec complet ai tent pag app banc ta dand err to odi vou ter pag amanh jur fodeeeee http t co jzwfefk,marca
1154,rt banc conden falh serv banklin,marca
314,pra mim err projet arquitet outr banc assim,marca
1496,precis verific algum cois log mud vc tbm cobr abus anuidad,marca
518,pacot essenc consig us app pra faz recarg pag cont,produto
1603,parab internet banking fic bem legal,marca
1597,rj agenc funcion hoj par pro feri,produto
831,part pag funcion continu redirecion pra pagin inic,produto
548,oi unic descrica li fiz ped algum chequ espec ai entend nad,produto
697,ta parab hein q q adiant agend cont cheg metad me comec receb avis debit put par,marca
892,const sald liber cont q signif temp  dia,produto
585,terc agenc tent resolv,marca
1252,ag  consegu quas  hor esper,produto
1243,itau precis ajud consig log app,produto
453,lig louc celul atr mae prop algum plan mae declin tod vez vou fal atend ta lig celul mae mulh deslig car,marca
1156,rt faz respeit cobranc indev desenfre banc via telefon sm s,produto
1525,tud bem ador nov tecnolog inclusiv utiliz aguard pod us comod seguranc facil,marca
1043,quer inform rend via app precis faz comput pra liber app efeit tostin http t co flrlaaluj,produto
930,ta brinc comig kkkkkkkkkk ah vei,marca
1461,alo fiz reclamaca contr cobranc indev aval emerg feit der respost porc embas algum diss resolv assim func quer escut client,marca
78,inform canal pod lig pass dad inform cpf via red soc sorry,marca
236,quit debit govern issomudaojog,marca
219,descont debit automa ter ativ cheg praz dinh sai cont,produto
761,vc pod favor depos log dinh mae contaa precis peg onibu amanh dinh boa noit,marca
668,vc pag tarif mens q roub p efetiv cont agend ai vc pag mult consegu pag bolet problem app ger carta virtual p compr internet faz propagand q digit,marca
686,precis comparec agenc peg carta salari,produto
290,alegr dia pass tard esper pra mud pacot cont,marca
269,rt algum notic sobr integraca carto samsung pay android pay,marca
1264,gent terc vez menos seman venh ness horari ta tod mund almoc atend trabalh fil enorm atend prioritari func pesso trabalh pq us bom sens revez almoc,produto
891,problem app hoj,marca
202,bom enquant dur obrig atend agenc incri vid precis segu frent conhec outr banc http t co keqlqynxh,marca
877,boa tard to problem senh eletron cadastr acess app aparec mens ativ caix,produto
336,obrig pq agor vouch mastercard surpreend retir carta credit solicit   gerent cont solicitaca segund via obrig,marca
119,campanh cop mund tit demonstr cert falt referenc jog brasil ora dao seguranc futebol aspect identificaca ronald vej sid intenca campanh ta ali ocult,marca
1301,ta fod ta fod ser client,marca
447,am precis fal vc urgent sobr carta nov cheg nunc,marca
1402,sei dig pag carta dia sempr debit pag min cont lig ped estorn val cont debit vez credit bloque limit ag  c ,produto
14,ta engan desd dia resolv abr cont conjunt,marca
276,telefon agenc propri itau fornec retorn numer inexist real sugir atualiz mantenh atual tip informaca gast bast temp hoj corr atr informaca simpl,marca
888,oi atend lix,marca
1019,ti pi banc neon banc int banc brasil caix santand banrisul poi tod oferec experienc alt qual serv,marca
1438,car banc diss acontec frequenc err pesso sim dev ser err sab maquin ped senh,produto
865,cad vez pi serv tent pag impost pj app celul diz soment internet tent sit baix app window tent app window diz ar fail piorbancodomund,marca
554,pra troc agenc ir pra ped,produto
1606,vez consig faz pag impost sit resolv log favor itau darf impost pag banc problem banklin,produto
1181,fiz p merec,marca
115,duvid previdenc mand dm,produto
1253,carta debit ta debit debit cont opca itau opco banc,produto
302,parab pess atend posicion caix west shopping camp grand rio jan fil pass port agenc,marca
952,diz q apo venc q ser pag itau venc ont q dia util quer sab esquem ser obrig pag dinh pra pag debit,marca
773,pag jur vou escolh dar dinh sempr ult opca,marca
1075,refir samsung pay,marca
1501,quer inform tao facil receb mail,produto
184,ajud colabor cont simples sum consig acess carto,produto
635,ok obg esclarec,marca
406,pec trat govern tem deu pra perda div,marca
45,bem ilusori poupanc vantaj cas extr ond pag menos  cdi cas outr,marca
1598,carta ta dand err hor pass fac pra troc,produto
942,cad carta cheg,produto
1484,fic envi mail confirm abert cont aind receb mail,produto
1169,hey algum alteraca layout internet banking tel acess difer,marca
808,rt am deu ajud aceit carto junt samsung pay tecnolog,marca
226,hoj cancel consorci tao simpl choqu agor,marca
1151,rt encerr cont far tod dia cont liberdad hoj faz xx dia livr banc q,marca
1544,gost entend algum logic banc oferec saqu biometr agenc precis carta abert port oferec appl pay client maquin aceit tecnolog ceo faz http t co mckjhl,marca
786,boa noit mand dm,marca
514,boa tard pessoal algum previsa appl pay ser liber carto debit,marca
191,ai itau pass vergonh,marca
312,ow pod abr agenc aqu dentr unicamp legal poup ter ir centr bara km tod vez sugesta,marca
687,acab entr pro pi banc pass,marca
309,internet banking opca deix aqu sugesta  func sum ignor mes fac questa report tod problem feit r pass raiv,marca
80,ola boa noit diss atend faz diferenc refer excel atend vou itau difer atend caix econom parab itau atend melhor,marca
984,caralh to mto put compr par mand valid itoken entr mand ir caix valid itoken valid us ant bel porr banc cheg cas mand,marca
423,vsf autoriz engod itau tit timelin,marca
239,precis resolv problem sistem porqu agenc comprov b sistem,marca
508,carta venc desd novembr  ajud ai,produto
836,aument numer atend diminu esper cri caix exclus senh prefer aguent pass h ris esper tod prefer uniclas ser atend ant mim tend peg senh,marca
557,alo conseg ser menos parec soatrasodev,marca
1136,rt legal appl pay vam numer celul brasil io   android   justificat,marca
103,cad absurd membr grup report bom invest divulgaca inform comerci sobr applepay maior conhec med absurd poi segur us carta plas http t co vhaimyjroh,marca
784,cadeir vir ne cadeir uso mulet quas consegu sair carr bancoitau http t co jnobggfr,marca
165,bik nov cidad desp tod fic apen jardim europ,marca
801,rt dev ter um  ano vc enrol pra coloc samsung pay ai pra appl cheg exclus abr,marca
813,caix eletron agenc trav deposit uma  seman vc pod dar jeit niss,marca
908,boa tard instal app comput consegu faz quer faz agor diz err porqu banc pod liber pag precis entr contat resolv aqu internet,produto
1263,horari almoc pra client cruc bom atend maior trabalh aproveit hor vag pra resolv problem,marca
723,alo bor agiliz entreg ai desd outubr tent peg carta complic fal tao bem quas volt pro,marca
1047,enta transaca consegu faz app smartphon caus itoken consegu faz app desktop seguranc app desktop homebanking dev bloqu faz sent entend,produto
368,instant quant temp to esper agor  dia jur,marca
1517,olh bel app comput func http t co xqionsshhw,produto
1591,alo pq consig fal atend ajudaaa,produto
145,ow vc cans mand cobranc pra cas,marca
564,amig santand cham vinic reclam nad mud,marca
1239,pi banc exist gent utiliz bost,marca
1559,falt exist estabelec tecnolog real ser uau,marca
52,consig cadastr carta credit itau personnalit vis,produto
1216,pod descart carta provisori defini cheg ne,produto
522,itau funcion problem um  mes pra ca fic horri,marca
348,convers agenc pra pag sit agenc tod me ir agenc pag gui ins simpl nacion pra app empr assim continu us app pesso fisic,marca
859,olh recom banc nenhum amig infeliz outr opca ultiliz serv bancari control jur ning control tax tax lucr quant recomend itau amig not   coment,marca
288,tod banc samsungpay fic pra tra vergonh,marca
48,dificil us app ne fic ar muit frequenc saudad temp bom niss http t co qzgnchsn,marca
1283,aind ta val  pont sempr pres pra fiz prim transaca us appl pay,produto
